<?xml version="1.0" encoding="UTF-8"?>
<!DOCTYPE mapper PUBLIC "-//mybatis.org//DTD Mapper 3.0//EN" "http://mybatis.org/dtd/mybatis-3-mapper.dtd">
<mapper namespace="com.yhui.bus.mapper.CustomerMapper">
    <!--查询用户信息-->
    <sql id="Base_Colum_list">
        identity,custname,phone,career,address,sex,createtime
    </sql>
    <resultMap id="BaseResultMap" type="com.yhui.bus.domain.Customer">
        <id column="identity" jdbcType="VARCHAR" property="identity"></id>
        <result column="custname" jdbcType="VARCHAR" property="custname"></result>
        <result column="sex" jdbcType="INTEGER" property="sex"></result>
        <result column="address" jdbcType="VARCHAR" property="address"></result>
        <result column="phone" jdbcType="VARCHAR" property="phone"></result>
        <result column="career" jdbcType="VARCHAR" property="career"></result>
        <result column="createtime" jdbcType="TIMESTAMP" property="createtime"></result>

    </resultMap>
    <select id="queryAllCustomer" resultMap="BaseResultMap">
        select <include refid="Base_Colum_list"/> from bus_customer
        <where>
            <if test="identity != null and identity != ''">
                and identity like concat("%", #{identity}, "%")
            </if>
            <if test="custname != null and custname != ''">
                and custname like concat("%", #{custname}, "%")
            </if>
            <if test="phone != null and phone != ''">
                and phone like concat("%", #{phone}, "%")
            </if>
            <if test="address != null and address != ''">
                and address like concat("%", #{address}, "%")
            </if>
            <if test="career != null and career != ''">
                and career like concat("%", #{career}, "%")
            </if>
            <if test="sex != null">
                and sex = #{sex}
            </if>
        </where>
            order by createtime desc
    </select>

    <!--添加客户信息-->
    <insert id="insertSelective" parameterType="com.yhui.bus.domain.Customer">
        insert into bus_customer
        <trim prefix="(" suffix=")" suffixOverrides=",">
            <if test="identity != null">
                identity,
            </if>
            <if test="custname != null">
                custname,
            </if>
            <if test="phone != null">
                phone,
            </if>
            <if test="address != null ">
                address,
            </if>
            <if test="career != null">
                career,
            </if>
            <if test="sex != null">
                sex,
            </if>
            <if test="createtime != null">
                createtime,
            </if>

        </trim>
        <trim prefix="values (" suffix=")" suffixOverrides=",">
            <if test="identity != null">
                #{identity,jdbcType=VARCHAR},
            </if>
            <if test="custname != null">
                #{custname,jdbcType=VARCHAR},
            </if>
            <if test="phone != null">
                #{phone,jdbcType=VARCHAR},
            </if>
            <if test="address != null ">
                #{address,jdbcType=VARCHAR},
            </if>
            <if test="career != null">
                #{career,jdbcType=VARCHAR},
            </if>
            <if test="sex != null">
                #{sex,jdbcType=INTEGER},
            </if>
            <if test="createtime != null">
                #{createtime,jdbcType=TIMESTAMP},
            </if>
        </trim>
    </insert>
    
    <!--删除客户信息-->
    <delete id="deleteCustomer" parameterType="java.lang.String">
        delete from bus_customer
        where identity = #{identity, jdbcType=VARCHAR}
    </delete>

    <!--修改客户信息-->
    <update id="updateCustomer" parameterType="com.yhui.bus.domain.Customer">
        update bus_customer
        <set>
            <if test="custname != null">
                custname = #{custname,jdbcType=VARCHAR}
            </if>
            <if test="sex != null">
                sex = #{sex,jdbcType=INTEGER}
            </if>
            <if test="address != null">
                address = #{address,jdbcType=VARCHAR}
            </if>
            <if test="phone != null">
                phone = #{phone,jdbcType=VARCHAR}
            </if>
            <if test="career != null">
                career = #{career,jdbcType=VARCHAR}
            </if>
            <if test="createtime != null">
                createtime = #{createtime,jdbcType=TIMESTAMP}
            </if>
        </set>
        where identity = #{identity, jdbcType=VARCHAR}
    </update>

    <!--根据身份证号码查询客户-->
    <select id="selectByPrimaryKey" resultMap="BaseResultMap" parameterType="java.lang.String">
        select <include refid="Base_Colum_list"/>
        from bus_customer
        where identity = #{identity , jdbcType=VARCHAR}
    </select>
</mapper>