<?xml version="1.0" encoding="UTF-8"?>
<!DOCTYPE mapper PUBLIC "-//mybatis.org//DTD Mapper 3.0//EN" "http://mybatis.org/dtd/mybatis-3-mapper.dtd">
<mapper namespace="com.yhui.bus.mapper.RentMapper">
    <!--定义返回类型resultMap-->
    <resultMap id="BaseResultMap" type="com.yhui.bus.domain.Rent">
        <id column="rentid" jdbcType="VARCHAR" property="rentid" />
        <result column="price" jdbcType="DOUBLE" property="price"/>
        <result column="begindate" jdbcType="TIMESTAMP" property="begindate"/>
        <result column="returndate" jdbcType="TIMESTAMP" property="returndate"/>
        <result column="rentflag" jdbcType="INTEGER" property="rentflag"/>
        <result column="identity" jdbcType="VARCHAR" property="identity"/>
        <result column="carnumber" jdbcType="VARCHAR" property="carnumber"/>
        <result column="opername" jdbcType="VARCHAR" property="opername"/>
        <result column="createtime" jdbcType="TIMESTAMP" property="createtime"/>
    </resultMap>

    <!--定义sql片段-->
    <sql id="Base_Colum_list">
        rentid,price,begindate,returndate,rentflag,identity,carnumber,opername,createtime
    </sql>

    <!--添加出租-->
    <insert id="insertSelective" parameterType="com.yhui.bus.vo.RentVo">
        insert into bus_rent
        <trim prefix="(" suffix=")" suffixOverrides=",">
            <if test="rentid != null">
                rentid,
            </if>
            <if test="price != null">
                price,
            </if>
            <if test="begindate != null">
                begindate,
            </if>
            <if test="returndate != null">
                returndate,
            </if>
            <if test="rentflag != null">
                rentflag,
            </if>
            <if test="identity != null">
                identity,
            </if>
            <if test="carnumber != null">
                carnumber,
            </if>
            <if test="opername != null">
                opername,
            </if>
            <if test="createtime != null">
                createtime,
            </if>
        </trim>
        <trim prefix="values (" suffix=")" suffixOverrides=",">
            <if test="rentid != null">
                #{rentid,jdbcType=VARCHAR},
            </if>
            <if test="price != null">
                #{price,jdbcType=DOUBLE},
            </if>
            <if test="begindate != null">
                #{begindate,jdbcType=TIMESTAMP},
            </if>
            <if test="returndate != null">
                #{returndate,jdbcType=TIMESTAMP},
            </if>
            <if test="rentflag != null">
                #{rentflag,jdbcType=INTEGER},
            </if>
            <if test="identity != null">
                #{identity,jdbcType=VARCHAR},
            </if>
            <if test="carnumber != null">
                #{carnumber,jdbcType=VARCHAR},
            </if>
            <if test="opername != null">
                #{opername,jdbcType=VARCHAR},
            </if>
            <if test="createtime != null">
                #{createtime,jdbcType=TIMESTAMP},
            </if>
        </trim>
    </insert>
    <!--查询出租单-->
    <select id="queryAllRent" resultMap="BaseResultMap">
        select <include refid="Base_Colum_list"/>
        from bus_rent
        <where>
            <if test="rentid != null and rentid !=''">
                and rentid like concat("%",#{rentid},"%")
            </if>
            <if test="carnumber != null and carnumber !=''">
                and carnumber like concat("%",#{carnumber},"%")
            </if>
            <if test="identity != null and identity !=''">
                and identity like concat("%",#{identity},"%")
            </if>
            <if test="startTime != null">
                and createtime >= #{startTime}
            </if>
            <if test="endTime != null">
                and createtime <![CDATA[<=]]>#{endTime}
            </if>
            <if test="rentflag != null">
                and rentflag =#{rentflag}
            </if>
        </where>
        order by createtime desc
    </select>
    <!--更新出租单-->
    <update id="updateByPrimaryKeySelective" parameterType="com.yhui.bus.vo.RentVo">
        update bus_rent
        <set>
            <if test="price != null">
                price = #{price,jdbcType=DOUBLE},
            </if>
            <if test="begindate != null">
                begindate = #{begindate,jdbcType=TIMESTAMP},
            </if>
            <if test="returndate != null">
                returndate = #{returndate,jdbcType=TIMESTAMP},
            </if>
            <if test="rentflag != null">
                rentflag = #{rentflag,jdbcType=INTEGER},
            </if>
            <if test="identity != null">
                identity = #{identity,jdbcType=VARCHAR},
            </if>
            <if test="carnumber != null">
                carnumber = #{carnumber,jdbcType=VARCHAR},
            </if>
            <if test="opername != null">
                opername = #{opername,jdbcType=VARCHAR},
            </if>
            <if test="createtime != null">
                createtime = #{createtime,jdbcType=TIMESTAMP},
            </if>
        </set>
        where rentid = #{rentid , jdbcType=VARCHAR}
    </update>

    <delete id="deleteByPrimaryKey" parameterType="java.lang.String">
        delete from bus_rent where rentid = #{rentid , jdbcType=VARCHAR}
    </delete>

    <select id="queryRentById" resultMap="BaseResultMap">
        select <include refid="Base_Colum_list"/>
        from bus_rent where rentid = #{rentid ,jdbcType=VARCHAR}
    </select>
</mapper>