<?xml version="1.0" encoding="UTF-8"?>
<beans xmlns="http://www.springframework.org/schema/beans"
       xmlns:xsi="http://www.w3.org/2001/XMLSchema-instance"
       xmlns:context="http://www.springframework.org/schema/context"
       xmlns:aop="http://www.springframework.org/schema/aop"
       xmlns:tx="http://www.springframework.org/schema/tx"
       xsi:schemaLocation="http://www.springframework.org/schema/beans http://www.springframework.org/schema/beans/spring-beans.xsd
		http://www.springframework.org/schema/context http://www.springframework.org/schema/context/spring-context.xsd
		http://www.springframework.org/schema/aop http://www.springframework.org/schema/aop/spring-aop.xsd
		http://www.springframework.org/schema/tx http://www.springframework.org/schema/tx/spring-tx.xsd">

    <!--扫描服务层-->
    <context:component-scan base-package="com.yhui.sys.service.impl"/>
    <context:component-scan base-package="com.yhui.bus.service.impl"/>
    <context:component-scan base-package="com.yhui.stat.service.impl"/>

    <!--声明事务管理器-->
    <bean id="transactionManager" class="org.springframework.jdbc.datasource.DataSourceTransactionManager">
        <property name="dataSource" ref="dataSource"></property>
    </bean>

    <!--声明事务的传播性,spring中的通知-->
    <tx:advice id="advise" transaction-manager="transactionManager">
        <tx:attributes>
            <!--以add save  update delete change  reset 这些开头的方法我们都设置事务-->
            <tx:method name="add*" propagation="REQUIRED"/>
            <tx:method name="save*" propagation="REQUIRED"/>
            <tx:method name="update*" propagation="REQUIRED"/>
            <tx:method name="delete*" propagation="REQUIRED"/>
            <tx:method name="change*" propagation="REQUIRED"/>
            <tx:method name="reset*" propagation="REQUIRED"/>
            <tx:method name="get*" read-only="true"></tx:method>
            <tx:method name="load*" read-only="true"></tx:method>
            <tx:method name="*" read-only="true"></tx:method>
        </tx:attributes>
    </tx:advice>

    <!--编写AOP-->
    <aop:config>
        <!--声明切点-->
        <aop:pointcut id="pc1" expression="execution(* com.yhui.sys.service.impl.*.*(..))"/>
        <aop:pointcut id="pc2" expression="execution(* com.yhui.bus.service.impl.*.*(..))"/>
        <aop:pointcut id="pc3" expression="execution(* com.yhui.stat.service.impl.*.*(..))"/>
        <!--编写通知,织入切点-->
        <aop:advisor advice-ref="advise" pointcut-ref="pc1"/>
        <aop:advisor advice-ref="advise" pointcut-ref="pc2"/>
        <aop:advisor advice-ref="advise" pointcut-ref="pc3"/>
    </aop:config>
</beans>