<?xml version="1.0" encoding="UTF-8"?>
<beans xmlns="http://www.springframework.org/schema/beans"
       xmlns:xsi="http://www.w3.org/2001/XMLSchema-instance"
       xmlns:context="http://www.springframework.org/schema/context"
       xmlns:aop="http://www.springframework.org/schema/aop"
       xsi:schemaLocation="http://www.springframework.org/schema/beans http://www.springframework.org/schema/beans/spring-beans.xsd
		http://www.springframework.org/schema/context http://www.springframework.org/schema/context/spring-context.xsd
		http://www.springframework.org/schema/aop http://www.springframework.org/schema/aop/spring-aop.xsd">
  
        <!--引入jdbc.properties-->
    <bean id="placeholderConfigurer" class="org.springframework.context.support.PropertySourcesPlaceholderConfigurer">
        <property name="locations" value="classpath:jdbc.properties"/>
    </bean>

    <!--引入c3p0数据源-->
    <bean id="dataSource1" class="com.mchange.v2.c3p0.ComboPooledDataSource">
        <!--注入属性-->
        <property name="driverClass" value="${jdbc.driverClass}"></property>
        <property name="jdbcUrl" value="${jdbc.jdbcUrl}"></property>
        <property name="user" value="${jdbc.user}"></property>
        <property name="password" value="${jdbc.password}"></property>
        <!--初始化连接池大小-->
        <property name="initialPoolSize" value="5"></property>
        <!--设置最大连接数-->
        <property name="maxPoolSize" value="50"></property>
        <!--设置最小连接数-->
        <property name="minPoolSize" value="10"></property>
    </bean>

    <!--引入druid数据源-->
    <bean id="dataSource" class="com.alibaba.druid.pool.DruidDataSource">
        <!--注入属性-->
        <property name="driverClassName" value="${jdbc.driverClass}"></property>
        <property name="url" value="${jdbc.jdbcUrl}"></property>
        <property name="username" value="${jdbc.user}"></property>
        <property name="password" value="${jdbc.password}"></property>
        <!--初始化连接池大小-->
        <property name="initialSize" value="5"></property>
        <!--设置最大连接数-->
        <property name="maxActive" value="20"></property>
        <!--设置等待时间-->
        <property name="maxWait" value="5000"></property>
    </bean>

    <!--声明sessionFactory 并注入mybatis.cfg.xml-->
    <bean id="sqlSessionFactory" class="org.mybatis.spring.SqlSessionFactoryBean">
        <!--注入数据源-->
        <property name="dataSource" ref="dataSource"></property>
        <!--加载mybatis的配置文件-->
        <property name="configLocation" value="classpath:mybatis-config.xml"></property>
        <!--注入mapper.xml-->
        <property name="mapperLocations">
            <array>
                <value>classpath:mapper/*/*Mapper.xml</value>
            </array>
        </property>
    </bean>
    <!--扫描mapper接口-->
    <bean class="org.mybatis.spring.mapper.MapperScannerConfigurer">
        <!--注入mapper接口所在的包-->
        <property name="basePackage" value="com.yhui.bus.mapper,com.yhui.sys.mapper,com.yhui.stat.mapper"></property>
        <!--注入sqlSessioinFactory-->
        <property name="sqlSessionFactoryBeanName" value="sqlSessionFactory"></property>
    </bean>

</beans>