<?xml version="1.0" encoding="UTF-8" ?>
<!DOCTYPE configuration
        PUBLIC "-//mybatis.org//DTD Config 3.0//EN"
        "http://mybatis.org/dtd/mybatis-3-config.dtd">
<configuration>
    <settings>
        <!--配置驼峰命名-->
        <setting name="mapUnderscoreToCamelCase" value="true"/>
    </settings>

    <!--配置别名-->
    <typeAliases>
        <package name="com.yhui.domain"/>
    </typeAliases>

    <!--myabatis的分页组件-->
    <plugins>
        <plugin interceptor="com.github.pagehelper.PageInterceptor"></plugin>
    </plugins>
</configuration>